<?xml version="1.0" encoding="UTF-8"?>

<Location xmlns="http://hl7.org/fhir">
  <extension url="http://test.sanerproject.org/beds">
      <valueInteger value="370"/>
  </extension>
  <extension url="http://test.sanerproject.org/icubeds">
      <valueInteger value="37"/>
  </extension>
  <id value="Loc-X140258"/>
  <meta>
    <security>
      <system value="http://terminology.hl7.org/CodeSystem/v3-ActReason"/>
      <code value="HTEST"/>
    </security>
  </meta>
  <text>
    <status value="generated"/><div xmlns="http://www.w3.org/1999/xhtml"><p><b>Generated Narrative</b></p><p><b>status</b>: active</p><p><b>name</b>: SIMAK FAMILY MEDICAL CENTER Building</p><p><b>mode</b>: instance</p><p><b>type</b>: <span title="Codes: {http://terminology.hl7.org/CodeSystem/v3-RoleCode HOSP}">Hospital</span></p><p><b>address</b>: 800 BIESTERFIELD RD ELK GROVE VLG IL 60007 USA (WORK)</p><p><b>physicalType</b>: <span title="Codes: {http://terminology.hl7.org/CodeSystem/location-physical-type si}">Site</span></p><h3>Positions</h3><table class="grid"><tr><td>-</td><td><b>Longitude</b></td><td><b>Latitude</b></td></tr><tr><td>*</td><td>-88.014996</td><td>42.003705</td></tr></table><p><b>managingOrganization</b>: <a href="Organization-X140258.html">Generated Summary: id: X140258; active; <span title="Codes: {http://terminology.hl7.org/CodeSystem/organization-type prov}">Healthcare Provider</span>; name: SIMAK FAMILY MEDICAL CENTER</a></p></div>
  </text>
  <status value="active"/>
  <name value="SIMAK FAMILY MEDICAL CENTER Building"/>
  <mode value="instance"/>
  <type>
    <coding>
      <system value="http://terminology.hl7.org/CodeSystem/v3-RoleCode"/>
      <code value="HOSP"/>
    </coding>
  </type>
  <address>
    <use value="work"/>
    <type value="both"/>
    <line value="800 BIESTERFIELD RD"/>
    <city value="ELK GROVE VLG"/>
    <district value="COOK"/>
    <state value="IL"/>
    <postalCode value="60007"/>
    <country value="USA"/>
  </address>
  <physicalType>
    <coding>
      <system value="http://terminology.hl7.org/CodeSystem/location-physical-type"/>
      <code value="si"/>
    </coding>
  </physicalType>
  <position>
    <longitude value="-88.014996"/>
    <latitude value="42.003705"/>
  </position>
  <managingOrganization>
    <reference value="Organization/X140258"/>
  </managingOrganization>
</Location>