<?xml version="1.0" encoding="UTF-8"?>

<Location xmlns="http://hl7.org/fhir">
  <extension url="http://test.sanerproject.org/beds">
      <valueInteger value="485"/>
  </extension>
  <extension url="http://test.sanerproject.org/icubeds">
      <valueInteger value="48"/>
  </extension>
  <id value="Loc-X140276"/>
  <meta>
    <security>
      <system value="http://terminology.hl7.org/CodeSystem/v3-ActReason"/>
      <code value="HTEST"/>
    </security>
  </meta>
  <text>
    <status value="generated"/><div xmlns="http://www.w3.org/1999/xhtml"><p><b>Generated Narrative</b></p><p><b>status</b>: active</p><p><b>name</b>: HALDEMAN UNIVERSITY MEDICAL CENTER Building</p><p><b>mode</b>: instance</p><p><b>type</b>: <span title="Codes: {http://terminology.hl7.org/CodeSystem/v3-RoleCode HOSP}">Hospital</span></p><p><b>address</b>: 2160 S 1ST AVE MAYWOOD IL 60153 USA (WORK)</p><p><b>physicalType</b>: <span title="Codes: {http://terminology.hl7.org/CodeSystem/location-physical-type si}">Site</span></p><h3>Positions</h3><table class="grid"><tr><td>-</td><td><b>Longitude</b></td><td><b>Latitude</b></td></tr><tr><td>*</td><td>-87.83321</td><td>41.858732</td></tr></table><p><b>managingOrganization</b>: <a href="Organization-X140276.html">Generated Summary: id: X140276; active; <span title="Codes: {http://terminology.hl7.org/CodeSystem/organization-type prov}">Healthcare Provider</span>; name: HALDEMAN UNIVERSITY MEDICAL CENTER</a></p></div>
  </text>
  <status value="active"/>
  <name value="HALDEMAN UNIVERSITY MEDICAL CENTER Building"/>
  <mode value="instance"/>
  <type>
    <coding>
      <system value="http://terminology.hl7.org/CodeSystem/v3-RoleCode"/>
      <code value="HOSP"/>
    </coding>
  </type>
  <address>
    <use value="work"/>
    <type value="both"/>
    <line value="2160 S 1ST AVE"/>
    <city value="MAYWOOD"/>
    <district value="COOK"/>
    <state value="IL"/>
    <postalCode value="60153"/>
    <country value="USA"/>
  </address>
  <physicalType>
    <coding>
      <system value="http://terminology.hl7.org/CodeSystem/location-physical-type"/>
      <code value="si"/>
    </coding>
  </physicalType>
  <position>
    <longitude value="-87.83321"/>
    <latitude value="41.858732"/>
  </position>
  <managingOrganization>
    <reference value="Organization/X140276"/>
  </managingOrganization>
</Location>