<?xml version="1.0" encoding="UTF-8"?>

<Location xmlns="http://hl7.org/fhir">
  <extension url="http://test.sanerproject.org/beds">
    <valueInteger value="181"/>
  </extension>
  <extension url="http://test.sanerproject.org/icubeds">
    <valueInteger value="18"/>
  </extension>
  <id value="Loc-X140240"/>
  <meta>
    <security>
      <system value="http://terminology.hl7.org/CodeSystem/v3-ActReason"/>
      <code value="HTEST"/>
    </security>
  </meta>
  <text>
    <status value="generated"/><div xmlns="http://www.w3.org/1999/xhtml"><p><b>Generated Narrative</b></p><p><b>status</b>: active</p><p><b>name</b>: KOWEL HOSPITAL Building</p><p><b>mode</b>: instance</p><p><b>type</b>: <span title="Codes: {http://terminology.hl7.org/CodeSystem/v3-RoleCode HOSP}">Hospital</span></p><p><b>address</b>: 1225 W LAKE ST MELROSE PARK IL 60160 USA (WORK)</p><p><b>physicalType</b>: <span title="Codes: {http://terminology.hl7.org/CodeSystem/location-physical-type si}">Site</span></p><h3>Positions</h3><table class="grid"><tr><td>-</td><td><b>Longitude</b></td><td><b>Latitude</b></td></tr><tr><td>*</td><td>-87.848963</td><td>41.891794</td></tr></table><p><b>managingOrganization</b>: <a href="Organization-X140240.html">Generated Summary: id: X140240; active; <span title="Codes: {http://terminology.hl7.org/CodeSystem/organization-type prov}">Healthcare Provider</span>; name: KOWEL HOSPITAL</a></p></div>
  </text>
  <status value="active"/>
  <name value="KOWEL HOSPITAL Building"/>
  <mode value="instance"/>
  <type>
    <coding>
      <system value="http://terminology.hl7.org/CodeSystem/v3-RoleCode"/>
      <code value="HOSP"/>
    </coding>
  </type>
  <address>
    <use value="work"/>
    <type value="both"/>
    <line value="1225 W LAKE ST"/>
    <city value="MELROSE PARK"/>
    <district value="COOK"/>
    <state value="IL"/>
    <postalCode value="60160"/>
    <country value="USA"/>
  </address>
  <physicalType>
    <coding>
      <system value="http://terminology.hl7.org/CodeSystem/location-physical-type"/>
      <code value="si"/>
    </coding>
  </physicalType>
  <position>
    <longitude value="-87.848963"/>
    <latitude value="41.891794"/>
  </position>
  <managingOrganization>
    <reference value="Organization/X140240"/>
  </managingOrganization>
</Location>