<?xml version="1.0" encoding="UTF-8"?>

<Location xmlns="http://hl7.org/fhir">
  <extension url="http://test.sanerproject.org/beds">
      <valueInteger value="421"/>
  </extension>
  <extension url="http://test.sanerproject.org/icubeds">
      <valueInteger value="42"/>
  </extension>
  <id value="Loc-X140158"/>
  <meta>
    <security>
      <system value="http://terminology.hl7.org/CodeSystem/v3-ActReason"/>
      <code value="HTEST"/>
    </security>
  </meta>
  <text>
    <status value="generated"/><div xmlns="http://www.w3.org/1999/xhtml"><p><b>Generated Narrative</b></p><p><b>status</b>: active</p><p><b>name</b>: POHL HOSPITAL AND MEDICAL CENTER Building</p><p><b>mode</b>: instance</p><p><b>type</b>: <span title="Codes: {http://terminology.hl7.org/CodeSystem/v3-RoleCode HOSP}">Hospital</span></p><p><b>address</b>: 2525 S MICHIGAN AVE CHICAGO IL 60616 USA (WORK)</p><p><b>physicalType</b>: <span title="Codes: {http://terminology.hl7.org/CodeSystem/location-physical-type si}">Site</span></p><h3>Positions</h3><table class="grid"><tr><td>-</td><td><b>Longitude</b></td><td><b>Latitude</b></td></tr><tr><td>*</td><td>-87.623583</td><td>41.847053</td></tr></table><p><b>managingOrganization</b>: <a href="Organization-X140158.html">Generated Summary: id: X140158; active; <span title="Codes: {http://terminology.hl7.org/CodeSystem/organization-type prov}">Healthcare Provider</span>; name: POHL HOSPITAL AND MEDICAL CENTER</a></p></div>
  </text>
  <status value="active"/>
  <name value="POHL HOSPITAL AND MEDICAL CENTER Building"/>
  <mode value="instance"/>
  <type>
    <coding>
      <system value="http://terminology.hl7.org/CodeSystem/v3-RoleCode"/>
      <code value="HOSP"/>
    </coding>
  </type>
  <address>
    <use value="work"/>
    <type value="both"/>
    <line value="2525 S MICHIGAN AVE"/>
    <city value="CHICAGO"/>
    <district value="COOK"/>
    <state value="IL"/>
    <postalCode value="60616"/>
    <country value="USA"/>
  </address>
  <physicalType>
    <coding>
      <system value="http://terminology.hl7.org/CodeSystem/location-physical-type"/>
      <code value="si"/>
    </coding>
  </physicalType>
  <position>
    <longitude value="-87.623583"/>
    <latitude value="41.847053"/>
  </position>
  <managingOrganization>
    <reference value="Organization/X140158"/>
  </managingOrganization>
</Location>