<?xml version="1.0" encoding="UTF-8"?>

<Organization xmlns="http://hl7.org/fhir">
  <id value="X140095"/>
  <meta>
    <security>
      <system value="http://terminology.hl7.org/CodeSystem/v3-ActReason"/>
      <code value="HTEST"/>
    </security>
  </meta>
  <text>
    <status value="generated"/><div xmlns="http://www.w3.org/1999/xhtml"><p><b>Generated Narrative</b></p><p><b>identifier</b>: id: X140095</p><p><b>active</b>: true</p><p><b>type</b>: <span title="Codes: {http://terminology.hl7.org/CodeSystem/organization-type prov}">Healthcare Provider</span></p><p><b>name</b>: ST ROBERT HOSPITAL</p><p><b>address</b>: 2875 W 19TH ST CHICAGO IL 60623 USA (WORK)</p></div>
  </text>
  <identifier>
    <system value="http://sanerproject.org/connectathon/hospitals"/>
    <value value="X140095"/>
  </identifier>
  <active value="true"/>
  <type>
    <coding>
      <system value="http://terminology.hl7.org/CodeSystem/organization-type"/>
      <code value="prov"/>
    </coding>
  </type>
  <name value="ST ROBERT HOSPITAL"/>
  <address>
    <use value="work"/>
    <type value="both"/>
    <line value="2875 W 19TH ST"/>
    <city value="CHICAGO"/>
    <district value="COOK"/>
    <state value="IL"/>
    <postalCode value="60623"/>
    <country value="USA"/>
  </address>
</Organization>